{"name":"706e60f5-1897-4ada-99a9-0b2fc3930c72","id":"/providers/Microsoft.Flow/flows/706e60f5-1897-4ada-99a9-0b2fc3930c72","type":"Microsoft.Flow/flows","properties":{"apiId":"/providers/Microsoft.PowerApps/apis/shared_logicflows","displayName":"App Ratings Calculation","definition":{"metadata":{"workflowEntityId":null,"processAdvisorMetadata":null,"flowChargedByPaygo":null,"flowclientsuspensionreason":"None","flowclientsuspensiontime":null,"flowclientsuspensionreasondetails":null,"creator":{"id":"dd66ba8c-a204-4b93-8738-3240b3348149","type":"User","tenantId":"46a18d00-29be-421e-9de0-5beb55c31dbb"},"provisioningMethod":"FromDefinition","failureAlertSubscription":true,"clientLastModifiedTime":"2023-07-19T15:54:31.9889885Z"},"$schema":"https://schema.management.azure.com/providers/Microsoft.Logic/schemas/2016-06-01/workflowdefinition.json#","contentVersion":"1.0.0.0","parameters":{"$connections":{"defaultValue":{},"type":"Object"},"$authentication":{"defaultValue":{},"type":"SecureObject"}},"triggers":{"When_an_item_is_created_or_modified":{"recurrence":{"frequency":"Minute","interval":5},"splitOn":"@triggerOutputs()?['body/value']","metadata":{"operationMetadataId":"2ca37d53-af06-4e8c-8731-dbfe2e39aac1"},"type":"OpenApiConnection","inputs":{"host":{"apiId":"/providers/Microsoft.PowerApps/apis/shared_sharepointonline","connectionName":"shared_sharepointonline","operationId":"GetOnUpdatedItems"},"parameters":{"dataset":"https://6cyh1y.sharepoint.com/sites/SharePoint-Dev/DAFDEV/App-Store","table":"fad0f6f1-6b24-465a-8f8c-9c75fd6fca9d"},"authentication":"@parameters('$authentication')"}}},"actions":{"Initialize_App_Count":{"runAfter":{},"metadata":{"operationMetadataId":"d106fbcb-2b5f-4ba6-8520-1cfa047c06f8"},"type":"InitializeVariable","inputs":{"variables":[{"name":"AppCount","type":"integer","value":0}]}},"Initialize_App_Average":{"runAfter":{"Initialize_App_Count":["Succeeded"]},"metadata":{"operationMetadataId":"4a09ddbd-b195-42f4-80ec-8e6c90469270"},"type":"InitializeVariable","inputs":{"variables":[{"name":"AppAverage","type":"float","value":0}]}},"Get_items_from_App_Rating_List":{"runAfter":{"Initialize_variable_RatingSum":["Succeeded"]},"metadata":{"operationMetadataId":"2d7600b7-aa44-4a55-b701-b5b09893176f"},"type":"OpenApiConnection","inputs":{"host":{"apiId":"/providers/Microsoft.PowerApps/apis/shared_sharepointonline","connectionName":"shared_sharepointonline","operationId":"GetItems"},"parameters":{"dataset":"https://6cyh1y.sharepoint.com/sites/SharePoint-Dev/DAFDEV/App-Store","table":"fad0f6f1-6b24-465a-8f8c-9c75fd6fca9d"},"authentication":"@parameters('$authentication')"}},"Initialize_Rating":{"runAfter":{"Initialize_App_Average":["Succeeded"]},"metadata":{"operationMetadataId":"6ee25bf2-98be-4dae-8051-818b06a778aa"},"type":"InitializeVariable","inputs":{"variables":[{"name":"Rating","type":"float","value":"@triggerOutputs()?['body/Rating']"}]}},"Filter_for_App_Value-Name":{"runAfter":{"Set_Rating_Sum":["Succeeded"]},"metadata":{"operationMetadataId":"d3a1b6eb-6cf2-4569-a54a-6389c13e1eca"},"type":"Query","inputs":{"from":"@outputs('Get_items_from_App_Rating_List')?['body/value']","where":"@equals(item()?['AppLU/Value'], item()?['AppLU/Value'])"}},"Get_number_of_Apps":{"runAfter":{"Filter_for_App_Value-Name":["Succeeded"]},"metadata":{"operationMetadataId":"85854622-d055-481d-a6a3-61e121307ed9"},"type":"Compose","inputs":"@length(body('Filter_for_App_Value-Name'))"},"Get_App_Store_App":{"runAfter":{"Set_App_Average_variable":["Succeeded"]},"metadata":{"operationMetadataId":"112cec13-f90e-4de7-928c-c7af490b1f94"},"type":"OpenApiConnection","inputs":{"host":{"apiId":"/providers/Microsoft.PowerApps/apis/shared_sharepointonline","connectionName":"shared_sharepointonline","operationId":"GetItems"},"parameters":{"dataset":"https://6cyh1y.sharepoint.com/sites/SharePoint-Dev/DAFDEV/App-Store","table":"4df8bce4-5e1d-4fe1-9018-132a94d897b0"},"authentication":"@parameters('$authentication')"}},"Initialize_variable_RatingSum":{"runAfter":{"Initialize_Rating":["Succeeded"]},"metadata":{"operationMetadataId":"63cdfd9d-3f0a-498d-8d1d-13b8e5ac6fcd"},"type":"InitializeVariable","inputs":{"variables":[{"name":"RatingSum","type":"float","value":0}]}},"Select":{"runAfter":{"Get_items_from_App_Rating_List":["Succeeded"]},"metadata":{"operationMetadataId":"8d88e694-198e-43c3-8b6c-69994a314b80"},"type":"Select","inputs":{"from":"@outputs('Get_items_from_App_Rating_List')?['body/value']","select":{"Rating":"@item()?['Rating']"}}},"Set_Rating_Sum":{"runAfter":{"XML_for_Sum_of_Ratings":["Succeeded"]},"metadata":{"operationMetadataId":"54d66ee9-41a2-4053-8abc-057d250f10f9"},"type":"SetVariable","inputs":{"name":"RatingSum","value":"@body('XML_for_Sum_of_Ratings')"}},"XML_for_Sum_of_Ratings":{"runAfter":{"JSON":["Succeeded"]},"metadata":{"operationMetadataId":"39815491-3921-493c-b1ab-a6787184b305"},"type":"ParseJson","inputs":{"content":"@xpath(xml(outputs('JSON')), 'sum(/root/Numbers)')","schema":{}}},"JSON":{"runAfter":{"Select":["Succeeded"]},"metadata":{"operationMetadataId":"7481a976-2475-430f-b44a-3d24626d90c1"},"type":"Compose","inputs":{"root":{"Numbers":"@body('Select')"}}},"Set_App_Average_variable":{"runAfter":{"Get_number_of_Apps":["Succeeded"]},"metadata":{"operationMetadataId":"17c08bcf-ba73-4cac-a186-9fc8c6279d0a"},"type":"SetVariable","inputs":{"name":"AppAverage","value":"@div(variables('RatingSum'),outputs('Get_number_of_Apps'))"}},"Apply_to_each":{"foreach":"@outputs('Get_App_Store_App')?['body/value']","actions":{"Condition":{"actions":{"Update_item":{"runAfter":{},"metadata":{"operationMetadataId":"bda28040-cf3a-4547-941e-d4af2dca77c4"},"type":"OpenApiConnection","inputs":{"host":{"apiId":"/providers/Microsoft.PowerApps/apis/shared_sharepointonline","connectionName":"shared_sharepointonline","operationId":"PatchItem"},"parameters":{"dataset":"https://6cyh1y.sharepoint.com/sites/SharePoint-Dev/DAFDEV/App-Store","table":"4df8bce4-5e1d-4fe1-9018-132a94d897b0","id":"@items('Apply_to_each')?['ID']","item/Title":"@items('Apply_to_each')?['Title']","item/Description":"@items('Apply_to_each')?['Description']","item/ScreenShot1":"@items('Apply_to_each')?['ScreenShot1']","item/Rating":"@variables('AppAverage')","item/RatingCount":"@variables('AppCount')"},"authentication":"@parameters('$authentication')"}}},"runAfter":{},"expression":{"equals":["@items('Apply_to_each')?['Title']","@triggerOutputs()?['body/AppLU/Value']"]},"metadata":{"operationMetadataId":"1b913bf5-1ae4-4a38-98c3-0656d0dcdfae"},"type":"If"}},"runAfter":{"Get_App_Store_App":["Succeeded"]},"metadata":{"operationMetadataId":"2fe20cca-f047-4102-b949-73fea2501462"},"type":"Foreach"}}},"connectionReferences":{"shared_sharepointonline":{"connectionName":"dde36fa9449c4e6baf47af04db9b6986","source":"Embedded","id":"/providers/Microsoft.PowerApps/apis/shared_sharepointonline","tier":"NotSpecified"}},"flowFailureAlertSubscribed":false,"isManaged":false}}